sample_nr,mse_loss,mv_count,stockfish,predicted
0,0.047758233,0,e2e4,g2g4
1,0.047749035,1,d7d5,b7b6
2,0.047663927,0,g1f3,g2g4
3,0.048196524,1,e7e6,e7e5
4,0.046502583,0,e2e4,e2e4
5,0.04708988,1,e7e5,d7d5
6,0.04798552,0,d2d4,e2e4
7,0.046766356,1,d7d5,e7e5
8,0.04551083,0,e2e4,e2e4
9,0.046474766,1,e7e5,d7d5
10,0.047685083,0,d2d4,e2e4
11,0.04604599,1,d7d5,e7e5
12,0.04745412,0,d2d4,e2e4
13,0.045566384,1,d7d5,d7d5
14,0.0480195,0,c2c4,e2e4
15,0.04751001,1,e7e6,d7d5
16,0.047864385,0,c2c4,e2e4
17,0.04542934,1,e7e5,d7d5
18,0.046644304,0,d2d4,e2e4
19,0.044019148,1,d7d5,d7d5
20,0.046671215,0,g1f3,e2e4
21,0.047131807,1,e7e6,d7d5
22,0.04646545,0,g1f3,e2e4
23,0.046917856,1,e7e6,d7d5
24,0.045780897,0,d2d4,e2e4
25,0.04250553,1,d7d5,d7d5
26,0.045391615,0,d2d4,e2e4
27,0.048058573,1,g8f6,d7d5
28,0.04864366,0,e2e3,e2e4
29,0.041716687,1,d7d5,d7d5
30,0.04853744,0,e2e3,e2e4
31,0.04773946,1,g8f6,d7d5
32,0.048342995,0,e2e3,d2d4
33,0.046255603,1,e7e6,d7d5
34,0.043741763,0,d2d4,d2d4
35,0.03934825,1,d7d5,d7d5
36,0.044364106,0,e2e4,d2d4
37,0.04441178,1,e7e5,d7d5
38,0.04278228,0,d2d4,d2d4
39,0.037668824,1,d7d5,d7d5
40,0.042080298,0,d2d4,d2d4
41,0.036435828,1,d7d5,d7d5
42,0.041124877,0,d2d4,d2d4
43,0.034766566,1,d7d5,d7d5
44,0.039896302,0,d2d4,d2d4
45,0.032645073,1,d7d5,d7d5
46,0.047713637,0,e2e3,d2d4
47,0.046829365,1,e7e6,d7d5
48,0.036974274,0,d2d4,d2d4
49,0.028017662,1,d7d5,d7d5
50,0.044537615,0,e2e4,d2d4
51,0.04608342,1,e7e5,d7d5
52,0.03372701,0,d2d4,d2d4
53,0.023503358,1,d7d5,d7d5
54,0.031667486,0,d2d4,d2d4
55,0.020891253,1,d7d5,d7d5
56,0.028919198,0,d2d4,d2d4
57,0.01770593,1,d7d5,d7d5
58,0.02548555,0,d2d4,d2d4
59,0.014213375,1,d7d5,d7d5
60,0.021427903,0,d2d4,d2d4
61,0.010725027,1,d7d5,d7d5
62,0.016968792,0,d2d4,d2d4
63,0.0075671365,1,d7d5,d7d5
64,0.012489661,0,d2d4,d2d4
65,0.0050036376,1,d7d5,d7d5
66,0.008490306,0,d2d4,d2d4
67,0.0031354239,1,d7d5,d7d5
68,0.0053552645,0,d2d4,d2d4
69,0.0018998963,1,d7d5,d7d5
70,0.0031893167,0,d2d4,d2d4
71,0.0011420479,1,d7d5,d7d5
72,0.079925895,0,e2e4,d2d4
73,0.082619555,1,e7e5,d7d5
74,0.08199442,0,e2e4,d2d4
75,0.08324025,1,e7e5,d7d5
76,0.08322137,0,g1f3,d2d4
77,0.084626004,1,g8f6,d7d5
78,0.08176173,0,g1f3,d2d4
79,0.0017270773,1,d7d5,d7d5
80,0.0023164577,0,d2d4,d2d4
81,0.085622676,1,g8f6,d7d5
82,0.0028191009,0,d2d4,d2d4
83,0.08370191,1,g8f6,d7d5
84,0.07390146,0,e2e4,d2d4
85,0.07113994,1,e7e5,d7d5
86,0.07073854,0,e2e4,d2d4
87,0.065866485,1,e7e5,d7d5
88,0.06634717,0,e2e4,d2d4
89,0.008205939,1,d7d5,d7d5
90,0.06137728,0,e2e4,d2d4
91,0.055763297,1,e7e5,d7d5
92,0.056263395,0,e2e4,d2d4
93,0.058029536,1,e7e6,d7d5
94,0.051343728,0,e2e4,d2d4
95,0.047329802,1,e7e5,d7d5
96,0.046972223,0,e2e4,d2d4
97,0.04364551,1,e7e5,d7d5
98,0.043245673,0,e2e4,d2d4
99,0.024257654,1,d7d5,d7d5
100,0.040017094,0,e2e4,d2d4
101,0.038673073,1,e7e5,d7d5
102,0.037083425,0,e2e4,d2d4
103,0.036718708,1,e7e5,d7d5
104,0.034263037,0,e2e4,d2d4
105,0.03448517,1,e7e5,d7d5
106,0.031422604,0,e2e4,e2e4
107,0.04897732,1,e7e6,e7e5
108,0.028445376,0,e2e4,e2e4
109,0.030189754,1,e7e5,e7e5
110,0.02527916,0,e2e4,e2e4
111,0.027883746,1,e7e5,e7e5
112,0.02190213,0,e2e4,e2e4
113,0.025111144,1,e7e5,e7e5
114,0.01833657,0,e2e4,e2e4
115,0.021920968,1,e7e5,e7e5
116,0.014755798,0,e2e4,e2e4
117,0.05360971,1,e7e6,e7e5
118,0.011449641,0,e2e4,e2e4
119,0.06059464,1,d7d6,e7e5
120,0.008668655,0,e2e4,e2e4
121,0.015040555,1,e7e5,e7e5
122,0.0063833264,0,e2e4,e2e4
123,0.057305038,1,e7e6,e7e5
124,0.0046198955,0,e2e4,e2e4
125,0.064214066,1,c7c5,e7e5
126,0.0033812572,0,e2e4,e2e4
127,0.05721379,1,e7e6,e7e5
128,0.0025348705,0,e2e4,e2e4
129,0.055755146,1,e7e6,e7e5
130,0.0019627872,0,e2e4,e2e4
131,0.05352285,1,e7e6,e7e5
132,0.0015699646,0,e2e4,e2e4
133,0.0507045,1,e7e6,e7e5
134,0.0012946699,0,e2e4,e2e4
135,0.04750986,1,e7e6,e7e5
136,0.08603385,0,c2c4,e2e4
137,0.043531127,1,e7e6,e7e5
138,0.0010842314,0,e2e4,e2e4
139,0.040652897,1,e7e6,e7e5
140,0.0010570498,0,e2e4,e2e4
141,0.03717733,1,e7e6,e7e5
142,0.086448945,0,c2c4,e2e4
143,0.0559343,1,c7c5,e7e6
144,0.0011049167,0,e2e4,e2e4
145,0.055767734,1,c7c5,e7e6
146,0.0011761051,0,e2e4,e2e4
147,0.029198358,1,e7e6,e7e6
148,0.083130196,0,d2d4,e2e4
149,0.04125098,1,d7d5,e7e6
150,0.08206611,0,d2d4,e2e4
151,0.041180648,1,d7d5,e7e6
152,0.08015943,0,d2d4,e2e4
153,0.040351074,1,d7d5,e7e6
154,0.079743564,0,g1f3,e2e4
155,0.042444997,1,d7d5,e7e6
156,0.07427154,0,d2d4,e2e4
157,0.037323684,1,d7d5,e7e6
158,0.00437075,0,e2e4,e2e4
159,0.028655723,1,e7e6,e7e6
160,0.07105446,0,g1f3,e2e4
161,0.038336445,1,d7d5,e7e6
162,0.0066379905,0,e2e4,e2e4
163,0.029680101,1,e7e6,e7e6
164,0.0074738385,0,e2e4,e2e4
165,0.029555844,1,e7e6,e7e6
166,0.06292675,0,d2d4,e2e4
167,0.031651586,1,d7d5,d7d5
168,0.008575303,0,e2e4,e2e4
169,0.028719455,1,e7e6,e7e6
170,0.008791792,0,e2e4,e2e4
171,0.027897803,1,e7e6,e7e6
172,0.061408143,0,d2d4,e2e4
173,0.030192083,1,d7d5,d7d5
174,0.008835332,0,e2e4,e2e4
175,0.026010696,1,e7e6,e7e6
176,0.008650678,0,e2e4,e2e4
177,0.024785979,1,e7e6,e7e6
178,0.008085458,0,e2e4,e2e4
179,0.022998499,1,e7e6,e7e6
180,0.06318492,0,d2d4,e2e4
181,0.030834327,1,d7d5,e7e6
182,0.0071172896,0,e2e4,e2e4
183,0.019811066,1,e7e6,e7e6
184,0.006677654,0,e2e4,e2e4
185,0.018194415,1,e7e6,e7e6
186,0.0060257493,0,e2e4,e2e4
187,0.016145876,1,e7e6,e7e6
188,0.00525761,0,e2e4,e2e4
189,0.013837576,1,e7e6,e7e6
190,0.004458633,0,e2e4,e2e4
191,0.011461374,1,e7e6,e7e6
192,0.0036926614,0,e2e4,e2e4
193,0.0091618495,1,e7e6,e7e6
194,0.07357952,0,d2d4,e2e4
195,0.046120103,1,d7d5,e7e6
196,0.0028328926,0,e2e4,e2e4
197,0.006579888,1,e7e6,e7e6
198,0.0026209613,0,e2e4,e2e4
199,0.00584083,1,e7e6,e7e6
200,0.0023694446,0,e2e4,e2e4
201,0.0050495923,1,e7e6,e7e6
202,0.0021044482,0,e2e4,e2e4
203,0.004272699,1,e7e6,e7e6
204,0.0018453138,0,e2e4,e2e4
205,0.0035567333,1,e7e6,e7e6
206,0.0016047539,0,e2e4,e2e4
207,0.078321315,1,e7e5,e7e6
208,0.0014114149,0,e2e4,e2e4
209,0.0027377761,1,e7e6,e7e6
210,0.0012549609,0,e2e4,e2e4
211,0.0025045744,1,e7e6,e7e6
212,0.0011120159,0,e2e4,e2e4
213,0.002253651,1,e7e6,e7e6
214,0.0009839019,0,e2e4,e2e4
215,0.002003308,1,e7e6,e7e6
216,0.0008709027,0,e2e4,e2e4
217,0.0017659275,1,e7e6,e7e6
218,0.0007723446,0,e2e4,e2e4
219,0.07811866,1,d7d5,e7e6
220,0.0006969465,0,e2e4,e2e4
221,0.085584275,1,c7c5,e7e6
222,0.00064686587,0,e2e4,e2e4
223,0.0826494,1,e7e5,e7e6
224,0.0006159311,0,e2e4,e2e4
225,0.002140469,1,e7e6,e7e6
226,0.00059094233,0,e2e4,e2e4
227,0.082873285,1,c7c5,e7e6
228,0.0005706628,0,e2e4,e2e4
229,0.07877811,1,e7e5,e7e6
230,0.0005626622,0,e2e4,e2e4
231,0.003587923,1,e7e6,e7e6
232,0.0005558904,0,e2e4,e2e4
233,0.0041265762,1,e7e6,e7e6
234,0.0005414919,0,e2e4,e2e4
235,0.0044248803,1,e7e6,e7e6
236,0.0005207722,0,e2e4,e2e4
237,0.004486228,1,e7e6,e7e6
238,0.00049550115,0,e2e4,e2e4
239,0.0043467395,1,e7e6,e7e6
240,0.0004673524,0,e2e4,e2e4
241,0.0040622344,1,e7e6,e7e6
242,0.00043774833,0,e2e4,e2e4
243,0.0036888681,1,e7e6,e7e6
244,0.00040788724,0,e2e4,e2e4
245,0.003277199,1,e7e6,e7e6
246,0.00037890527,0,e2e4,e2e4
247,0.08134685,1,c7c5,e7e6
248,0.00035765037,0,e2e4,e2e4
249,0.08150777,1,c7c5,e7e6
250,0.08993255,0,d2d4,e2e4
251,0.057300515,1,d7d5,e7e6
252,0.00038551216,0,e2e4,e2e4
253,0.0037390897,1,e7e6,e7e6
254,0.00041792376,0,e2e4,e2e4
255,0.0042991466,1,e7e6,e7e6
256,0.00043871533,0,e2e4,e2e4
257,0.00462111,1,e7e6,e7e6
258,0.088661306,0,d2d4,e2e4
259,0.04807282,1,d7d5,e7e6
260,0.09045653,0,c2c4,e2e4
261,0.007947781,1,e7e6,e7e6
262,0.08920829,0,g1f3,e2e4
263,0.009357366,1,e7e6,e7e6
264,0.088376544,0,c2c4,e2e4
265,0.008720095,1,e7e6,e7e6
266,0.0835758,0,d2d4,e2e4
267,0.04250127,1,d7d5,e7e6
268,0.08104115,0,d2d4,e2e4
269,0.014740155,1,e7e6,e7e6
270,0.08218348,0,c2c4,e2e4
271,0.009363149,1,e7e6,e7e6
272,0.002734697,0,e2e4,e2e4
273,0.006868563,1,e7e6,e7e6
274,0.0034465985,0,e2e4,e2e4
275,0.0064227465,1,e7e6,e7e6
276,0.003962145,0,e2e4,e2e4
277,0.0058156406,1,e7e6,e7e6
278,0.0042368234,0,e2e4,e2e4
279,0.005124255,1,e7e6,e7e6
280,0.004271619,0,e2e4,e2e4
281,0.0044123014,1,e7e6,e7e6
282,0.0041095,0,e2e4,e2e4
283,0.0037308245,1,e7e6,e7e6
284,0.0038049633,0,e2e4,e2e4
285,0.0031130118,1,e7e6,e7e6
286,0.003415153,0,e2e4,e2e4
287,0.0025777079,1,e7e6,e7e6
288,0.072643206,0,d2d4,e2e4
289,0.0054247305,1,e7e6,e7e6
290,0.07773427,0,g1f3,e2e4
291,0.07078235,1,d7d5,e7e6
292,0.0034445645,0,e2e4,e2e4
293,0.0018328697,1,e7e6,e7e6
294,0.0036970128,0,e2e4,e2e4
295,0.0017855482,1,e7e6,e7e6
296,0.0037582554,0,e2e4,e2e4
297,0.0017001064,1,e7e6,e7e6
298,0.0036565405,0,e2e4,e2e4
299,0.0015892031,1,e7e6,e7e6
300,0.0034333866,0,e2e4,e2e4
301,0.0014642982,1,e7e6,e7e6
302,0.07810064,0,c2c4,e2e4
303,0.0018788701,1,e7e6,e7e6
304,0.07784306,0,c2c4,e2e4
305,0.08427442,1,g8f6,e7e6
306,0.07654037,0,c2c4,e2e4
307,0.08201759,1,e7e5,e7e6
308,0.07362212,0,g1f3,e2e4
309,0.0028275605,1,e7e6,e7e6
310,0.0706472,0,g1f3,e2e4
311,0.0031421469,1,e7e6,e7e6
312,0.068548135,0,e2e3,e2e4
313,0.07413971,1,d7d5,e7e6
314,0.06513802,0,e2e3,e2e4
315,0.071674444,1,d7d5,e7e6
316,0.060064014,0,g1f3,e2e4
317,0.06354999,1,d7d5,e7e6
318,0.048860304,0,d2d4,e2e4
319,0.052410915,1,d7d5,e7e6
320,0.053726792,0,g1f3,e2e4
321,0.009562283,1,e7e6,e7e6
322,0.05137868,0,g1f3,e2e4
323,0.05003212,1,d7d5,e7e6
324,0.04944924,0,g1f3,e2e4
325,0.046109423,1,d7d5,e7e6
326,0.047788206,0,g1f3,e2e4
327,0.0420749,1,d7d5,e7e6
328,0.046321638,0,g1f3,e2e4
329,0.05856919,1,g8f6,e7e6
330,0.044969276,0,g1f3,e2e4
331,0.057115108,1,g8f6,e7e6
332,0.04070948,0,d2d4,e2e4
333,0.026861707,1,d7d5,d7d5
334,0.04054527,0,d2d4,e2e4
335,0.024740934,1,d7d5,d7d5
336,0.04021294,0,d2d4,e2e4
337,0.022440197,1,d7d5,d7d5
338,0.039724052,0,d2d4,e2e4
339,0.020003501,1,d7d5,d7d5
340,0.039056893,0,d2d4,e2e4
341,0.017460424,1,d7d5,d7d5
342,0.038189404,0,d2d4,e2e4
343,0.01488337,1,d7d5,d7d5
344,0.037099198,0,d2d4,d2d4
345,0.05026042,1,e7e6,d7d5
346,0.038901065,0,e2e4,d2d4
347,0.036448974,1,e7e6,d7d5
348,0.039068397,0,e2e4,d2d4
349,0.03670604,1,e7e6,d7d5
350,0.038920756,0,e2e4,d2d4
351,0.03592749,1,e7e6,d7d5
352,0.033593513,0,d2d4,d2d4
353,0.051193934,1,e7e6,d7d5
354,0.03273817,0,d2d4,d2d4
355,0.048775654,1,e7e6,d7d5
356,0.038661536,0,e2e4,d2d4
357,0.029560229,1,e7e6,d7d5
358,0.038575474,0,e2e4,d2d4
359,0.02683784,1,e7e6,e7e6
360,0.030586507,0,d2d4,d2d4
361,0.038655616,1,e7e6,d7d5
362,0.029732136,0,d2d4,d2d4
363,0.034657024,1,e7e6,d7d5
364,0.028460696,0,d2d4,d2d4
365,0.05937896,1,g8f6,d7d5
366,0.039165534,0,e2e4,d2d4
367,0.016172094,1,e7e6,e7e6
368,0.039333925,0,e2e4,d2d4
369,0.058729783,1,e7e5,e7e6
370,0.039007664,0,e2e4,d2d4
371,0.013090704,1,e7e6,e7e6
372,0.03822464,0,e2e4,d2d4
373,0.06458853,1,c7c5,e7e6
374,0.037034962,0,e2e4,d2d4
375,0.011402266,1,e7e6,e7e6
376,0.035497278,0,e2e4,d2d4
377,0.01065353,1,e7e6,e7e6
378,0.03364511,0,e2e4,d2d4
379,0.06663013,1,c7c5,e7e6
380,0.031534724,0,e2e4,d2d4
381,0.06691588,1,c7c5,e7e6
382,0.029269837,0,e2e4,e2e4
383,0.009532517,1,e7e6,e7e6
384,0.026857195,0,e2e4,e2e4
385,0.0676843,1,c7c6,e7e6
386,0.02433994,0,e2e4,e2e4
387,0.009459188,1,e7e6,e7e6
388,0.021753745,0,e2e4,e2e4
389,0.009200708,1,e7e6,e7e6
390,0.01904852,0,e2e4,e2e4
391,0.00861708,1,e7e6,e7e6
392,0.016287502,0,e2e4,e2e4
393,0.007817267,1,e7e6,e7e6
394,0.013562103,0,e2e4,e2e4
395,0.0068936604,1,e7e6,e7e6
396,0.010986091,0,e2e4,e2e4
397,0.0059346016,1,e7e6,e7e6
398,0.008667969,0,e2e4,e2e4
399,0.0050083357,1,e7e6,e7e6
400,0.0066867787,0,e2e4,e2e4
401,0.07337866,1,e7e5,e7e6
402,0.0051506995,0,e2e4,e2e4
403,0.0038416346,1,e7e6,e7e6
404,0.0039845295,0,e2e4,e2e4
405,0.003465974,1,e7e6,e7e6
406,0.071766615,0,d2d4,e2e4
407,0.056224555,1,d7d5,e7e6
408,0.0027556934,0,e2e4,e2e4
409,0.0032344135,1,e7e6,e7e6
410,0.074319996,0,d2d4,e2e4
411,0.071687765,1,g8f6,e7e6
412,0.0025185659,0,e2e4,e2e4
413,0.0035461148,1,e7e6,e7e6
414,0.0025170448,0,e2e4,e2e4
415,0.0036669367,1,e7e6,e7e6
416,0.0024453418,0,e2e4,e2e4
417,0.0036512334,1,e7e6,e7e6
418,0.07968255,0,g1f3,e2e4
419,0.0072895107,1,e7e6,e7e6
420,0.07452743,0,d2d4,e2e4
421,0.008680302,1,e7e6,e7e6
422,0.00270661,0,e2e4,e2e4
423,0.0031009421,1,e7e6,e7e6
424,0.0028936947,0,e2e4,e2e4
425,0.002797134,1,e7e6,e7e6
426,0.0029662163,0,e2e4,e2e4
427,0.002498121,1,e7e6,e7e6
428,0.002939105,0,e2e4,e2e4
429,0.0022134776,1,e7e6,e7e6
430,0.0028334018,0,e2e4,e2e4
431,0.0019504683,1,e7e6,e7e6
432,0.07309012,0,d2d4,e2e4
433,0.06256765,1,d7d5,e7e6
434,0.077819474,0,g1f3,e2e4
435,0.066250876,1,d7d5,e7e6
436,0.070440196,0,d2d4,e2e4
437,0.058509264,1,d7d5,e7e6
438,0.07626143,0,c2c4,e2e4
439,0.074932605,1,g8f6,e7e6
440,0.06395821,0,d2d4,e2e4
441,0.06860396,1,g8f6,e7e6
442,0.006913442,0,e2e4,e2e4
443,0.0051046168,1,e7e6,e7e6
444,0.008227347,0,e2e4,e2e4
445,0.0060654054,1,e7e6,e7e6
446,0.009046805,0,e2e4,e2e4
447,0.0066697127,1,e7e6,e7e6
448,0.009382352,0,e2e4,e2e4
449,0.006910695,1,e7e6,e7e6
450,0.009298885,0,e2e4,e2e4
451,0.0068312604,1,e7e6,e7e6
452,0.0088835955,0,e2e4,e2e4
453,0.07267361,1,c7c6,e7e6
454,0.008293042,0,e2e4,e2e4
455,0.006559607,1,e7e6,e7e6
456,0.007588603,0,e2e4,e2e4
457,0.0063532097,1,e7e6,e7e6
458,0.0067774006,0,e2e4,e2e4
459,0.005946702,1,e7e6,e7e6
460,0.005930367,0,e2e4,e2e4
461,0.005410793,1,e7e6,e7e6
462,0.0051025646,0,e2e4,e2e4
463,0.0048112753,1,e7e6,e7e6
464,0.004334093,0,e2e4,e2e4
465,0.004200428,1,e7e6,e7e6
466,0.0036493086,0,e2e4,e2e4
467,0.0036173768,1,e7e6,e7e6
468,0.0030580591,0,e2e4,e2e4
469,0.0030883728,1,e7e6,e7e6
470,0.0025579836,0,e2e4,e2e4
471,0.07912829,1,e7e5,e7e6
472,0.002164614,0,e2e4,e2e4
473,0.0024799588,1,e7e6,e7e6
474,0.0018544892,0,e2e4,e2e4
475,0.0023076818,1,e7e6,e7e6
476,0.0015946332,0,e2e4,e2e4
477,0.0021203407,1,e7e6,e7e6
478,0.0013779276,0,e2e4,e2e4
479,0.0019310376,1,e7e6,e7e6
480,0.0011978868,0,e2e4,e2e4
481,0.0017474417,1,e7e6,e7e6
482,0.0010488111,0,e2e4,e2e4
483,0.001575065,1,e7e6,e7e6
484,0.00092488097,0,e2e4,e2e4
485,0.0014168122,1,e7e6,e7e6
486,0.00082150823,0,e2e4,e2e4
487,0.084915444,1,e7e5,e7e6
488,0.0007423099,0,e2e4,e2e4
489,0.086931124,1,c7c6,e7e6
490,0.0006866221,0,e2e4,e2e4
491,0.0013571659,1,e7e6,e7e6
492,0.0006418944,0,e2e4,e2e4
493,0.0014081004,1,e7e6,e7e6
494,0.0006006041,0,e2e4,e2e4
495,0.086231664,1,c7c6,e7e6
496,0.0005678667,0,e2e4,e2e4
497,0.001547032,1,e7e6,e7e6
498,0.08971055,0,g1f3,e2e4
499,0.063169196,1,d7d5,e7e6
500,0.0005634608,0,e2e4,e2e4
501,0.0019773066,1,e7e6,e7e6
502,0.0005804113,0,e2e4,e2e4
503,0.002253506,1,e7e6,e7e6
504,0.08655974,0,d2d4,e2e4
505,0.07136398,1,g8f6,e7e6
506,0.00065467303,0,e2e4,e2e4
507,0.002824607,1,e7e6,e7e6
508,0.00071205077,0,e2e4,e2e4
509,0.0030693829,1,e7e6,e7e6
510,0.084923565,0,d2d4,e2e4
511,0.06904703,1,g8f6,e7e6
512,0.0008673665,0,e2e4,e2e4
513,0.0035199465,1,e7e6,e7e6
514,0.087538026,0,c2c4,e2e4
515,0.06934827,1,e7e5,e7e6
516,0.0011411521,0,e2e4,e2e4
517,0.0041542477,1,e7e6,e7e6
518,0.08062258,0,d2d4,e2e4
519,0.040283073,1,d7d5,e7e6
520,0.0015687592,0,e2e4,e2e4
521,0.005227969,1,e7e6,e7e6
522,0.077496596,0,d2d4,e2e4
523,0.035529938,1,d7d5,e7e6
524,0.080363505,0,g1f3,e2e4
525,0.04014077,1,d7d5,e7e6
526,0.07278775,0,d2d4,e2e4
527,0.06171896,1,g8f6,e7e6
528,0.0035914192,0,e2e4,e2e4
529,0.010431956,1,e7e6,e7e6
530,0.004325864,0,e2e4,e2e4
531,0.06261167,1,e7e5,e7e6
532,0.004883365,0,e2e4,e2e4
533,0.012911558,1,e7e6,e7e6
534,0.005237765,0,e2e4,e2e4
535,0.01347819,1,e7e6,e7e6
536,0.07346997,0,e2e3,e2e4
537,0.057780962,1,e7e5,e7e6
538,0.062492866,0,d2d4,e2e4
539,0.03321613,1,e7e6,d7d5
540,0.068395145,0,g1f3,e2e4
541,0.02599051,1,e7e6,e7e6
542,0.066158086,0,g1f3,e2e4
543,0.056587864,1,g8f6,e7e6
544,0.054514192,0,d2d4,e2e4
545,0.05665678,1,g8f6,d7d5
546,0.051157106,0,d2d4,e2e4
547,0.055497386,1,g8f6,e7e6
548,0.04768602,0,d2d4,e2e4
549,0.054183964,1,g8f6,e7e6
550,0.04435587,0,d2d4,e2e4
551,0.027693288,1,e7e6,e7e6
552,0.019660741,0,e2e4,e2e4
553,0.01292627,1,e7e6,e7e6
554,0.021402946,0,e2e4,e2e4
555,0.012473477,1,e7e6,e7e6
556,0.022252839,0,e2e4,e2e4
557,0.011606062,1,e7e6,e7e6
558,0.022376359,0,e2e4,e2e4
559,0.010470222,1,e7e6,e7e6
560,0.021896653,0,e2e4,e2e4
561,0.009143202,1,e7e6,e7e6
562,0.020907462,0,e2e4,e2e4
563,0.0077655152,1,e7e6,e7e6
564,0.019512387,0,e2e4,e2e4
565,0.0064293696,1,e7e6,e7e6
566,0.017795835,0,e2e4,e2e4
567,0.0052074464,1,e7e6,e7e6
568,0.015819479,0,e2e4,e2e4
569,0.004146755,1,e7e6,e7e6
570,0.04650517,0,d2d4,e2e4
571,0.061206058,1,g8f6,e7e6
572,0.012780911,0,e2e4,e2e4
573,0.076043144,1,e7e5,e7e6
574,0.011732533,0,e2e4,e2e4
575,0.07618969,1,e7e5,e7e6
576,0.010638685,0,e2e4,e2e4
577,0.075455636,1,e7e5,e7e6
578,0.009566291,0,e2e4,e2e4
579,0.07398246,1,e7e5,e7e6
580,0.008559048,0,e2e4,e2e4
581,0.0041508283,1,e7e6,e7e6
582,0.007571489,0,e2e4,e2e4
583,0.004580125,1,e7e6,e7e6
584,0.006572745,0,e2e4,e2e4
585,0.0047682603,1,e7e6,e7e6
586,0.0056113196,0,e2e4,e2e4
587,0.0047394605,1,e7e6,e7e6
588,0.07294167,0,g1f3,e2e4
589,0.059812825,1,g8f6,e7e6
590,0.0043963594,0,e2e4,e2e4
591,0.0048153503,1,e7e6,e7e6
592,0.00404858,0,e2e4,e2e4
593,0.004816043,1,e7e6,e7e6
594,0.0036561578,0,e2e4,e2e4
595,0.004628062,1,e7e6,e7e6
596,0.07868776,0,c2c4,e2e4
597,0.06223102,1,e7e5,e7e6
598,0.0031770833,0,e2e4,e2e4
599,0.069431625,1,d7d5,e7e6
600,0.0031013784,0,e2e4,e2e4
601,0.005049699,1,e7e6,e7e6
602,0.0716459,0,d2d4,e2e4
603,0.04385552,1,d7d5,e7e6
604,0.070873,0,d2d4,e2e4
605,0.04177553,1,d7d5,e7e6
606,0.06898233,0,d2d4,e2e4
607,0.0531095,1,g8f6,e7e6
608,0.066131204,0,d2d4,e2e4
609,0.023567518,1,e7e6,e7e6
610,0.06261039,0,d2d4,e2e4
611,0.03556071,1,d7d5,e7e6
612,0.058671147,0,d2d4,e2e4
613,0.034025595,1,d7d5,e7e6
614,0.0544639,0,d2d4,e2e4
615,0.0321217,1,d7d5,e7e6
616,0.050219312,0,d2d4,e2e4
617,0.030035922,1,d7d5,d7d5
618,0.013773977,0,e2e4,e2e4
619,0.015986813,1,e7e6,e7e6
620,0.043630444,0,d2d4,e2e4
621,0.02634998,1,d7d5,d7d5
622,0.040942386,0,d2d4,e2e4
623,0.04993891,1,g8f6,d7d5
624,0.038137004,0,d2d4,e2e4
625,0.049954064,1,g8f6,d7d5
626,0.035267998,0,d2d4,e2e4
627,0.023242319,1,d7d5,d7d5
628,0.032399803,0,d2d4,e2e4
629,0.022336364,1,d7d5,d7d5
630,0.029517664,0,d2d4,e2e4
631,0.020979192,1,d7d5,d7d5
632,0.026588738,0,d2d4,d2d4
633,0.01923423,1,d7d5,d7d5
634,0.023563806,0,d2d4,d2d4
635,0.05234067,1,g8f6,d7d5
636,0.020503037,0,d2d4,d2d4
637,0.052884605,1,g8f6,d7d5
638,0.039258298,0,e2e4,d2d4
639,0.026353208,1,e7e6,e7e6
640,0.016024822,0,d2d4,d2d4
641,0.015794205,1,d7d5,d7d5
642,0.014253426,0,d2d4,d2d4
643,0.05247298,1,g8f6,d7d5
644,0.046647046,0,e2e4,d2d4
645,0.025961995,1,e7e6,e7e6
646,0.0477026,0,e2e4,d2d4
647,0.052785713,1,e7e5,e7e6
648,0.04726042,0,e2e4,d2d4
649,0.05265899,1,e7e5,e7e6
650,0.012934045,0,d2d4,d2d4
651,0.017237067,1,d7d5,d7d5
652,0.045163464,0,e2e4,d2d4
653,0.051930115,1,e7e5,e7e6
654,0.043635976,0,e2e4,d2d4
655,0.024961818,1,e7e6,e7e6
656,0.041382506,0,e2e4,d2d4
657,0.024480887,1,e7e6,e7e6
658,0.017628316,0,d2d4,d2d4
659,0.017985364,1,d7d5,d7d5
660,0.01862859,0,d2d4,d2d4
661,0.049541555,1,g8f6,d7d5
662,0.018865494,0,d2d4,d2d4
663,0.04913486,1,g8f6,d7d5
664,0.037185635,0,e2e4,d2d4
665,0.02126533,1,e7e6,e7e6
666,0.03657773,0,e2e4,d2d4
667,0.020068903,1,e7e6,e7e6
668,0.03526741,0,e2e4,d2d4
669,0.018391239,1,e7e6,e7e6
670,0.059410036,0,g1f3,d2d4
671,0.044916913,1,g8f6,d7d5
672,0.022772945,0,d2d4,d2d4
673,0.039229892,1,e7e6,d7d5
674,0.061132506,0,e2e3,d2d4
675,0.05263684,1,e7e5,e7e6
676,0.024001583,0,d2d4,d2d4
677,0.035445396,1,e7e6,d7d5
678,0.023861893,0,d2d4,d2d4
679,0.04394163,1,g8f6,d7d5
680,0.02309089,0,d2d4,d2d4
681,0.04333336,1,g8f6,e7e6
682,0.058498632,0,g1f3,d2d4
683,0.04136806,1,d7d5,e7e6
684,0.034099143,0,e2e4,d2d4
685,0.010894623,1,e7e6,e7e6
686,0.021289613,0,d2d4,d2d4
687,0.041009583,1,g8f6,e7e6
688,0.034698207,0,e2e4,d2d4
689,0.010646111,1,e7e6,e7e6
690,0.03444748,0,e2e4,d2d4
691,0.010285988,1,e7e6,e7e6
692,0.033498496,0,e2e4,d2d4
693,0.009617614,1,e7e6,e7e6
694,0.031996816,0,e2e4,d2d4
695,0.008743396,1,e7e6,e7e6
696,0.061008334,0,c2c4,d2d4
697,0.01704881,1,e7e6,e7e6
698,0.05779527,0,g1f3,d2d4
699,0.047360003,1,d7d5,e7e6
700,0.027401984,0,d2d4,e2e4
701,0.042130526,1,g8f6,e7e6
702,0.027865024,0,d2d4,e2e4
703,0.041705303,1,g8f6,e7e6
704,0.027226362,0,e2e4,e2e4
705,0.0063707614,1,e7e6,e7e6
706,0.060356475,0,c2c4,e2e4
707,0.01505837,1,e7e6,e7e6
708,0.060180884,0,c2c4,e2e4
709,0.014444224,1,e7e6,e7e6
710,0.05659842,0,g1f3,e2e4
711,0.049044818,1,d7d5,e7e6
712,0.056009736,0,g1f3,e2e4
713,0.0451589,1,g8f6,e7e6
714,0.055140104,0,g1f3,e2e4
715,0.043937005,1,g8f6,e7e6
716,0.029931901,0,d2d4,e2e4
717,0.037469357,1,g8f6,e7e6
718,0.05325625,0,g1f3,e2e4
719,0.046220522,1,d7d5,e7e6
720,0.05226275,0,g1f3,e2e4
721,0.05853301,1,c7c5,e7e6
722,0.051071707,0,g1f3,e2e4
723,0.04391413,1,d7d5,e7e6
724,0.029504118,0,e2e4,e2e4
725,0.061700143,1,e7e5,e7e6
726,0.029629547,0,e2e4,e2e4
727,0.059776794,1,e7e5,e7e6
728,0.029380754,0,e2e4,e2e4
729,0.05773606,1,e7e5,e7e6
730,0.03299833,0,d2d4,e2e4
731,0.028709862,1,g8f6,g8f6
732,0.028711822,0,e2e4,e2e4
733,0.054303072,1,e7e5,e7e6
734,0.028219968,0,e2e4,e2e4
735,0.060194682,1,d7d6,e7e6
736,0.027468175,0,e2e4,e2e4
737,0.051829904,1,e7e5,e7e6
738,0.026484065,0,e2e4,e2e4
739,0.058820244,1,d7d6,e7e6
740,0.02530833,0,e2e4,e2e4
741,0.049901515,1,e7e5,e7e6
742,0.023970196,0,e2e4,e2e4
743,0.048999537,1,e7e5,e7e6
744,0.022492893,0,e2e4,e2e4
745,0.048031364,1,e7e5,g8f6
746,0.020927908,0,e2e4,e2e4
747,0.046984293,1,e7e5,g8f6
748,0.0192772,0,e2e4,e2e4
749,0.03416997,1,e7e6,g8f6
750,0.017549448,0,e2e4,e2e4
751,0.034168337,1,e7e6,g8f6
752,0.06036559,0,c2c4,e2e4
753,0.042017955,1,e7e6,g8f6
754,0.055797387,0,g1f3,e2e4
755,0.035926986,1,d7d5,g8f6
756,0.014427635,0,e2e4,e2e4
757,0.031033503,1,e7e6,e7e6
758,0.04873811,0,d2d4,e2e4
759,0.03115429,1,g8f6,g8f6
760,0.0136684,0,e2e4,e2e4
761,0.028333694,1,e7e6,e7e6
762,0.05700312,0,g1f3,e2e4
763,0.042552665,1,e7e6,g8f6
764,0.013284413,0,e2e4,e2e4
765,0.024687214,1,e7e6,e7e6
766,0.012994838,0,e2e4,e2e4
767,0.022333654,1,e7e6,e7e6
768,0.012397104,0,e2e4,e2e4
769,0.019658865,1,e7e6,e7e6
770,0.011560934,0,e2e4,e2e4
771,0.016812962,1,e7e6,e7e6
772,0.053446427,0,d2d4,e2e4
773,0.03532789,1,g8f6,d7d5
774,0.05385323,0,d2d4,e2e4
775,0.035729323,1,g8f6,e7e6
776,0.05331713,0,d2d4,e2e4
777,0.035437725,1,g8f6,e7e6
778,0.052020676,0,d2d4,e2e4
779,0.03454592,1,g8f6,e7e6
780,0.05015077,0,d2d4,e2e4
781,0.033102833,1,g8f6,g8f6
782,0.047884736,0,d2d4,e2e4
783,0.031217782,1,g8f6,g8f6
784,0.045359634,0,d2d4,e2e4
785,0.03626648,1,e7e6,g8f6
786,0.061672676,0,e2e3,e2e4
787,0.018952366,1,e7e6,e7e6
788,0.040288523,0,d2d4,e2e4
789,0.035719477,1,e7e6,g8f6
790,0.037805565,0,d2d4,e2e4
791,0.028483845,1,g8f6,g8f6
792,0.03530347,0,d2d4,e2e4
793,0.033405326,1,e7e6,g8f6
794,0.032781817,0,d2d4,e2e4
795,0.029071743,1,g8f6,g8f6
796,0.030232351,0,d2d4,e2e4
797,0.028834993,1,g8f6,g8f6
798,0.027675103,0,d2d4,d2d4
799,0.027685156,1,g8f6,g8f6
800,0.025089934,0,d2d4,d2d4
801,0.04942758,1,d7d5,g8f6
802,0.022518957,0,d2d4,d2d4
803,0.04985797,1,d7d5,g8f6
804,0.020020343,0,d2d4,d2d4
805,0.049842823,1,d7d5,g8f6
806,0.04004381,0,e2e4,d2d4
807,0.009629708,1,e7e6,e7e6
808,0.01635436,0,d2d4,d2d4
809,0.022883872,1,g8f6,g8f6
810,0.0148422485,0,d2d4,d2d4
811,0.037716877,1,e7e6,g8f6
812,0.06012893,0,g1f3,d2d4
813,0.030034456,1,g8f6,e7e6
814,0.04743621,0,e2e4,d2d4
815,0.009549199,1,e7e6,e7e6
816,0.012216408,0,d2d4,d2d4
817,0.021403847,1,g8f6,g8f6
818,0.04841425,0,e2e4,d2d4
819,0.009570081,1,e7e6,e7e6
820,0.04805727,0,e2e4,d2d4
821,0.0094038015,1,e7e6,e7e6
822,0.012543412,0,d2d4,d2d4
823,0.019997045,1,g8f6,g8f6
824,0.0126809245,0,d2d4,d2d4
825,0.019112065,1,g8f6,g8f6
826,0.012369963,0,d2d4,d2d4
827,0.017490406,1,g8f6,g8f6
828,0.04765859,0,e2e4,d2d4
829,0.009982512,1,e7e6,e7e6
830,0.04731308,0,e2e4,d2d4
831,0.010212587,1,e7e6,e7e6
832,0.04595183,0,e2e4,d2d4
833,0.009824998,1,e7e6,e7e6
834,0.043811113,0,e2e4,d2d4
835,0.00897391,1,e7e6,e7e6
836,0.04108004,0,e2e4,d2d4
837,0.0078752795,1,e7e6,e7e6
838,0.06361346,0,c2c4,d2d4
839,0.019471213,1,e7e6,e7e6
840,0.06262125,0,c2c4,d2d4
841,0.016625367,1,e7e6,e7e6
842,0.03349967,0,e2e4,d2d4
843,0.004241251,1,e7e6,e7e6
844,0.03131613,0,e2e4,d2d4
845,0.0033825035,1,e7e6,e7e6
846,0.029030742,0,e2e4,d2d4
847,0.0027482044,1,e7e6,e7e6
848,0.026622882,0,e2e4,e2e4
849,0.0022823438,1,e7e6,e7e6
850,0.024165327,0,e2e4,e2e4
851,0.0019193417,1,e7e6,e7e6
852,0.021714477,0,e2e4,e2e4
853,0.0016288161,1,e7e6,e7e6
854,0.019277813,0,e2e4,e2e4
855,0.0013962695,1,e7e6,e7e6
856,0.016892038,0,e2e4,e2e4
857,0.001201245,1,e7e6,e7e6
858,0.014597826,0,e2e4,e2e4
859,0.0010367321,1,e7e6,e7e6
860,0.060835175,0,g1f3,e2e4
861,0.06431406,1,d7d5,e7e6
862,0.061714698,0,g1f3,e2e4
863,0.009609669,1,e7e6,e7e6
864,0.010763585,0,e2e4,e2e4
865,0.0008563983,1,e7e6,e7e6
866,0.010068336,0,e2e4,e2e4
867,0.08747479,1,e7e5,e7e6
868,0.053938355,0,d2d4,e2e4
869,0.058167376,1,d7d5,e7e6
870,0.009246221,0,e2e4,e2e4
871,0.000895308,1,e7e6,e7e6
872,0.0089742625,0,e2e4,e2e4
873,0.00095132773,1,e7e6,e7e6
874,0.06372636,0,g1f3,e2e4
875,0.010313757,1,e7e6,e7e6
876,0.0560421,0,d2d4,e2e4
877,0.055373445,1,d7d5,e7e6
878,0.009042624,0,e2e4,e2e4
879,0.0010169485,1,e7e6,e7e6
880,0.009228683,0,e2e4,e2e4
881,0.08556682,1,e7e5,e7e6
882,0.009149397,0,e2e4,e2e4
883,0.001141184,1,e7e6,e7e6
884,0.008857035,0,e2e4,e2e4
885,0.0012013874,1,e7e6,e7e6
886,0.008367649,0,e2e4,e2e4
887,0.001222816,1,e7e6,e7e6
888,0.0077446005,0,e2e4,e2e4
889,0.0012121374,1,e7e6,e7e6
890,0.007045617,0,e2e4,e2e4
891,0.08699071,1,c7c5,e7e6
892,0.006349548,0,e2e4,e2e4
893,0.08675188,1,c7c5,e7e6
894,0.0057040653,0,e2e4,e2e4
895,0.086132444,1,c7c5,e7e6
896,0.0051210057,0,e2e4,e2e4
897,0.001591841,1,e7e6,e7e6
898,0.0045763045,0,e2e4,e2e4
899,0.08194697,1,e7e5,e7e6
900,0.00408468,0,e2e4,e2e4
901,0.0020713455,1,e7e6,e7e6
902,0.0036458857,0,e2e4,e2e4
903,0.00229994,1,e7e6,e7e6
904,0.0032334568,0,e2e4,e2e4
905,0.0024317475,1,e7e6,e7e6
906,0.0028546897,0,e2e4,e2e4
907,0.0024700777,1,e7e6,e7e6
908,0.0025133828,0,e2e4,e2e4
909,0.0024279316,1,e7e6,e7e6
910,0.002210487,0,e2e4,e2e4
911,0.0023226629,1,e7e6,e7e6
912,0.001944863,0,e2e4,e2e4
913,0.002174432,1,e7e6,e7e6
914,0.077826396,0,d2d4,e2e4
915,0.027320197,1,e7e6,e7e6
916,0.07797901,0,d2d4,e2e4
917,0.024479795,1,e7e6,e7e6
918,0.0772726,0,d2d4,e2e4
919,0.020354707,1,e7e6,e7e6
920,0.0758479,0,d2d4,e2e4
921,0.053101823,1,d7d5,e7e6
922,0.07367435,0,d2d4,e2e4
923,0.01388527,1,e7e6,e7e6
924,0.003111754,0,e2e4,e2e4
925,0.0007241142,1,e7e6,e7e6
926,0.07472813,0,g1f3,e2e4
927,0.005737991,1,e7e6,e7e6
928,0.0662868,0,d2d4,e2e4
929,0.008424656,1,e7e6,e7e6
930,0.06320697,0,d2d4,e2e4
931,0.0070438106,1,e7e6,e7e6
932,0.05967616,0,d2d4,e2e4
933,0.0659645,1,d7d5,e7e6
934,0.055697054,0,d2d4,e2e4
935,0.0057321913,1,e7e6,e7e6
936,0.051524248,0,d2d4,e2e4
937,0.0054746815,1,e7e6,e7e6
938,0.047492005,0,d2d4,e2e4
939,0.0051083555,1,e7e6,e7e6
940,0.043685794,0,d2d4,e2e4
941,0.068798766,1,d7d5,e7e6
942,0.040092237,0,d2d4,e2e4
943,0.068133794,1,d7d5,e7e6
944,0.036815673,0,d2d4,e2e4
945,0.06607472,1,d7d5,e7e6
946,0.033959653,0,d2d4,e2e4
947,0.0069880853,1,e7e6,e7e6
948,0.057331245,0,c2c4,e2e4
949,0.07645053,1,e7e5,e7e6
950,0.029812487,0,d2d4,e2e4
951,0.0587438,1,d7d5,e7e6
952,0.050541047,0,g1f3,d2d4
953,0.0629149,1,g8f6,e7e6
954,0.032097433,0,e2e4,d2d4
955,0.0020327305,1,e7e6,e7e6
956,0.027492767,0,d2d4,d2d4
957,0.051393688,1,g8f6,e7e6
958,0.027115613,0,d2d4,d2d4
959,0.047498845,1,d7d5,e7e6
960,0.034588028,0,e2e4,d2d4
961,0.0036423074,1,e7e6,e7e6
962,0.02643023,0,d2d4,d2d4
963,0.02222619,1,e7e6,e7e6
964,0.025850015,0,d2d4,d2d4
965,0.04441895,1,g8f6,e7e6
966,0.02498982,0,d2d4,d2d4
967,0.0434297,1,g8f6,e7e6
968,0.036496915,0,e2e4,d2d4
969,0.004652939,1,e7e6,e7e6
970,0.036691263,0,e2e4,d2d4
971,0.06996289,1,e7e5,e7e6
972,0.036510635,0,e2e4,d2d4
973,0.005285455,1,e7e6,e7e6
974,0.051790684,0,g1f3,d2d4
975,0.045642287,1,g8f6,e7e6
976,0.024002375,0,d2d4,d2d4
977,0.038338833,1,d7d5,e7e6
978,0.02404591,0,d2d4,d2d4
979,0.031877644,1,e7e6,e7e6
980,0.0354843,0,e2e4,d2d4
981,0.006532491,1,e7e6,e7e6
982,0.035326354,0,e2e4,d2d4
983,0.0064080814,1,e7e6,e7e6
984,0.023552176,0,d2d4,d2d4
985,0.037061475,1,d7d5,e7e6
986,0.023210416,0,d2d4,d2d4
987,0.036570825,1,d7d5,e7e6
988,0.022597129,0,d2d4,d2d4
989,0.03565205,1,d7d5,e7e6
990,0.03540635,0,e2e4,d2d4
991,0.0057893144,1,e7e6,e7e6
992,0.0214122,0,d2d4,d2d4
993,0.03325237,1,d7d5,d7d5
994,0.0207154,0,d2d4,d2d4
995,0.031813487,1,d7d5,d7d5
996,0.019777972,0,d2d4,d2d4
997,0.0380186,1,g8f6,d7d5
998,0.018637244,0,d2d4,d2d4
999,0.028765557,1,d7d5,d7d5
